Column1,Column2,Column3,Column4,Column5,Column6
Startup Name,Industry,Short Description,Full Description,Target Audience,Business Model
PersonalizedHub,HealthTech,A Personalized Hub for HealthTech needs.,"PersonalizedHub is a Personalized Hub designed specifically for Developers. By leveraging Big Data, it transforms how HealthTech operates. Users enjoy an intuitive interface, powerful analytics, and scalable solutions.",Developers,Advertisement-based
IntelligentFramework,TravelTech,A Intelligent solution for Healthcare Providers in TravelTech.,"IntelligentFramework is a Intelligent Framework designed specifically for Healthcare Providers. By leveraging Cybersecurity Innovations, it transforms how TravelTech operates. Users enjoy an intuitive interface, powerful analytics, and scalable solutions.",Healthcare Providers,Advertisement-based
VirtualLabs,SaaS,A Virtual solution for Freelancers in SaaS.,"VirtualLabs is a Virtual Labs designed specifically for Freelancers. By leveraging Blockchain Technology, it transforms how SaaS operates. Users enjoy an intuitive interface, powerful analytics, and scalable solutions.",Freelancers,Donations
IntelligentAssistant,Gaming,A Intelligent Assistant for Gaming needs.,"IntelligentAssistant is a Intelligent Assistant designed specifically for Researchers. By leveraging 5G Networks, it transforms how Gaming operates. Users enjoy an intuitive interface, powerful analytics, and scalable solutions.",Researchers,Marketplace Fee
NextGenExchange,E-commerce,A NextGen way to innovate E-commerce.,"NextGenExchange brings NextGen Exchange to E-commerce. Serving Startups, we ensure efficiency, affordability, and unmatched innovation through Blockchain Technology technology.",Startups,Service-based
SmartFramework,Gaming,A Smart way to innovate Gaming.,"SmartFramework revolutionizes Gaming with Smart Framework. Tailored for Elderly, it ensures seamless interaction, advanced security, and insightful data to drive decisions.",Elderly,Advertisement-based
InteractiveEngine,TravelTech,A Interactive solution for Remote Workers in TravelTech.,"InteractiveEngine brings Interactive Engine to TravelTech. Serving Remote Workers, we ensure efficiency, affordability, and unmatched innovation through IoT Systems technology.",Remote Workers,Subscription
CollaborativeSphere,Mental Health,A Collaborative way to innovate Mental Health.,"CollaborativeSphere is a Collaborative Sphere designed specifically for Pet Owners. By leveraging IoT Systems, it transforms how Mental Health operates. Users enjoy an intuitive interface, powerful analytics, and scalable solutions.",Pet Owners,Commission-based
AffordableNetwork,Blockchain,A Affordable Network connecting Gamers in Blockchain.,"AffordableNetwork brings Affordable Network to Blockchain. Serving Gamers, we ensure efficiency, affordability, and unmatched innovation through Big Data technology.",Gamers,Marketplace Fee
AffordableHub,Gaming,A Affordable way to innovate Gaming.,"AffordableHub brings Affordable Hub to Gaming. Serving Elderly, we ensure efficiency, affordability, and unmatched innovation through IoT Systems technology.",Elderly,Freemium
NextGenCore,E-commerce,An NextGen platform revolutionizing E-commerce.,"At NextGenCore, we deliver NextGen Core that reshapes E-commerce experiences. Our Cybersecurity Innovations-enabled platform empowers Parents to achieve better outcomes, faster and smarter.",Parents,Product Sales
AutomatedNest,AgriTech,An Automated platform revolutionizing AgriTech.,"At AutomatedNest, we deliver Automated Nest that reshapes AgriTech experiences. Our Augmented Reality-enabled platform empowers Healthcare Providers to achieve better outcomes, faster and smarter.",Healthcare Providers,Marketplace Fee
Data-DrivenAnalytics,Cybersecurity,A Data-Driven Analytics connecting Remote Workers in Cybersecurity.,"Data-DrivenAnalytics is a Data-Driven Analytics designed specifically for Remote Workers. By leveraging AI and Machine Learning, it transforms how Cybersecurity operates. Users enjoy an intuitive interface, powerful analytics, and scalable solutions.",Remote Workers,Commission-based
DecentralizedAssistant,PetTech,A Decentralized Assistant for PetTech needs.,"DecentralizedAssistant revolutionizes PetTech with Decentralized Assistant. Tailored for Freelancers, it ensures seamless interaction, advanced security, and insightful data to drive decisions.",Freelancers,Commission-based
AutomatedSolutions,Fitness,A Automated Solutions for Fitness needs.,"At AutomatedSolutions, we deliver Automated Solutions that reshapes Fitness experiences. Our Blockchain Technology-enabled platform empowers Freelancers to achieve better outcomes, faster and smarter.",Freelancers,Advertisement-based
AffordableWorks,E-commerce,A Affordable solution for Teachers in E-commerce.,"AffordableWorks brings Affordable Works to E-commerce. Serving Teachers, we ensure efficiency, affordability, and unmatched innovation through Blockchain Technology technology.",Teachers,Pay-per-use
SmartAssistant,Wearable Tech,A Smart way to innovate Wearable Tech.,"At SmartAssistant, we deliver Smart Assistant that reshapes Wearable Tech experiences. Our AI and Machine Learning-enabled platform empowers Pet Owners to achieve better outcomes, faster and smarter.",Pet Owners,Licensing
CollaborativeSolutions,Mental Health,An Collaborative platform revolutionizing Mental Health.,"CollaborativeSolutions brings Collaborative Solutions to Mental Health. Serving Environmentalists, we ensure efficiency, affordability, and unmatched innovation through AI and Machine Learning technology.",Environmentalists,Service-based
SmartFramework,Mental Health,A Smart solution for Developers in Mental Health.,"At SmartFramework, we deliver Smart Framework that reshapes Mental Health experiences. Our Augmented Reality-enabled platform empowers Developers to achieve better outcomes, faster and smarter.",Developers,Licensing
PersonalizedAnalytics,EdTech,A Personalized Analytics for EdTech needs.,"PersonalizedAnalytics revolutionizes EdTech with Personalized Analytics. Tailored for Investors, it ensures seamless interaction, advanced security, and insightful data to drive decisions.",Investors,Commission-based
VirtualNetwork,HealthTech,A Virtual Network for HealthTech needs.,"At VirtualNetwork, we deliver Virtual Network that reshapes HealthTech experiences. Our Predictive Analytics-enabled platform empowers Travel Enthusiasts to achieve better outcomes, faster and smarter.",Travel Enthusiasts,Subscription
NextGenAssistant,GreenTech,A NextGen solution for Fitness Enthusiasts in GreenTech.,"NextGenAssistant revolutionizes GreenTech with NextGen Assistant. Tailored for Fitness Enthusiasts, it ensures seamless interaction, advanced security, and insightful data to drive decisions.",Fitness Enthusiasts,Freemium
NextGenSolutions,TravelTech,A NextGen solution for Remote Workers in TravelTech.,"At NextGenSolutions, we deliver NextGen Solutions that reshapes TravelTech experiences. Our AI and Machine Learning-enabled platform empowers Remote Workers to achieve better outcomes, faster and smarter.",Remote Workers,Licensing
NextGenExchange,GreenTech,A NextGen way to innovate GreenTech.,"At NextGenExchange, we deliver NextGen Exchange that reshapes GreenTech experiences. Our Cybersecurity Innovations-enabled platform empowers Artists to achieve better outcomes, faster and smarter.",Artists,Pay-per-use
CollaborativeCloud,FinTech,A Collaborative way to innovate FinTech.,"At CollaborativeCloud, we deliver Collaborative Cloud that reshapes FinTech experiences. Our 5G Networks-enabled platform empowers Healthcare Providers to achieve better outcomes, faster and smarter.",Healthcare Providers,Commission-based
DecentralizedMarketplace,RetailTech,A Decentralized Marketplace connecting Teachers in RetailTech.,"DecentralizedMarketplace is a Decentralized Marketplace designed specifically for Teachers. By leveraging Predictive Analytics, it transforms how RetailTech operates. Users enjoy an intuitive interface, powerful analytics, and scalable solutions.",Teachers,Pay-per-use
AutomatedSolutions,FinTech,A Automated solution for Retailers in FinTech.,"AutomatedSolutions revolutionizes FinTech with Automated Solutions. Tailored for Retailers, it ensures seamless interaction, advanced security, and insightful data to drive decisions.",Retailers,Commission-based
AI-poweredStudio,Gaming,A AI-powered Studio connecting Freelancers in Gaming.,"AI-poweredStudio brings AI-powered Studio to Gaming. Serving Freelancers, we ensure efficiency, affordability, and unmatched innovation through 5G Networks technology.",Freelancers,Freemium
DecentralizedSystems,AI & ML,An Decentralized platform revolutionizing AI & ML.,"DecentralizedSystems brings Decentralized Systems to AI & ML. Serving Startups, we ensure efficiency, affordability, and unmatched innovation through Predictive Analytics technology.",Startups,Freemium
AffordablePlatform,Mental Health,An Affordable platform revolutionizing Mental Health.,"AffordablePlatform is a Affordable Platform designed specifically for Travel Enthusiasts. By leveraging AI and Machine Learning, it transforms how Mental Health operates. Users enjoy an intuitive interface, powerful analytics, and scalable solutions.",Travel Enthusiasts,Advertisement-based
NextGenPlatform,TravelTech,An NextGen platform revolutionizing TravelTech.,"NextGenPlatform revolutionizes TravelTech with NextGen Platform. Tailored for Startups, it ensures seamless interaction, advanced security, and insightful data to drive decisions.",Startups,Licensing
IntelligentStudio,Wearable Tech,A Intelligent way to innovate Wearable Tech.,"At IntelligentStudio, we deliver Intelligent Studio that reshapes Wearable Tech experiences. Our Cloud Computing-enabled platform empowers Pet Owners to achieve better outcomes, faster and smarter.",Pet Owners,Freemium
SustainablePulse,HealthTech,A Sustainable way to innovate HealthTech.,"SustainablePulse brings Sustainable Pulse to HealthTech. Serving Investors, we ensure efficiency, affordability, and unmatched innovation through Edge Computing technology.",Investors,Marketplace Fee
PersonalizedLabs,PetTech,A Personalized Labs for PetTech needs.,"At PersonalizedLabs, we deliver Personalized Labs that reshapes PetTech experiences. Our Predictive Analytics-enabled platform empowers Pet Owners to achieve better outcomes, faster and smarter.",Pet Owners,Service-based
VirtualStudio,Wearable Tech,A Virtual solution for Parents in Wearable Tech.,"At VirtualStudio, we deliver Virtual Studio that reshapes Wearable Tech experiences. Our IoT Systems-enabled platform empowers Parents to achieve better outcomes, faster and smarter.",Parents,Donations
On-DemandGrid,RetailTech,A On-Demand way to innovate RetailTech.,"On-DemandGrid is a On-Demand Grid designed specifically for Small Businesses. By leveraging Augmented Reality, it transforms how RetailTech operates. Users enjoy an intuitive interface, powerful analytics, and scalable solutions.",Small Businesses,Licensing
VirtualGrid,HealthTech,A Virtual Grid connecting Elderly in HealthTech.,"VirtualGrid is a Virtual Grid designed specifically for Elderly. By leveraging Edge Computing, it transforms how HealthTech operates. Users enjoy an intuitive interface, powerful analytics, and scalable solutions.",Elderly,Pay-per-use
SecureFramework,PetTech,A Secure solution for Remote Workers in PetTech.,"SecureFramework revolutionizes PetTech with Secure Framework. Tailored for Remote Workers, it ensures seamless interaction, advanced security, and insightful data to drive decisions.",Remote Workers,Donations
SmartSolutions,Fitness,A Smart Solutions connecting Researchers in Fitness.,"SmartSolutions is a Smart Solutions designed specifically for Researchers. By leveraging Edge Computing, it transforms how Fitness operates. Users enjoy an intuitive interface, powerful analytics, and scalable solutions.",Researchers,Pay-per-use
Data-DrivenFramework,Fitness,A Data-Driven Framework connecting Fitness Enthusiasts in Fitness.,"At Data-DrivenFramework, we deliver Data-Driven Framework that reshapes Fitness experiences. Our Predictive Analytics-enabled platform empowers Fitness Enthusiasts to achieve better outcomes, faster and smarter.",Fitness Enthusiasts,Pay-per-use
DecentralizedMarketplace,Wearable Tech,A Decentralized Marketplace connecting Artists in Wearable Tech.,"DecentralizedMarketplace revolutionizes Wearable Tech with Decentralized Marketplace. Tailored for Artists, it ensures seamless interaction, advanced security, and insightful data to drive decisions.",Artists,Service-based
On-DemandNetwork,AgriTech,A On-Demand Network for AgriTech needs.,"On-DemandNetwork is a On-Demand Network designed specifically for Researchers. By leveraging Big Data, it transforms how AgriTech operates. Users enjoy an intuitive interface, powerful analytics, and scalable solutions.",Researchers,Donations
AutomatedAssistant,FoodTech,A Automated way to innovate FoodTech.,"AutomatedAssistant brings Automated Assistant to FoodTech. Serving Students, we ensure efficiency, affordability, and unmatched innovation through 5G Networks technology.",Students,Donations
NextGenSystems,FinTech,A NextGen Systems for FinTech needs.,"NextGenSystems is a NextGen Systems designed specifically for Remote Workers. By leveraging Cloud Computing, it transforms how FinTech operates. Users enjoy an intuitive interface, powerful analytics, and scalable solutions.",Remote Workers,Freemium
NextGenCloud,AI & ML,A NextGen Cloud for AI & ML needs.,"NextGenCloud is a NextGen Cloud designed specifically for Fitness Enthusiasts. By leveraging Blockchain Technology, it transforms how AI & ML operates. Users enjoy an intuitive interface, powerful analytics, and scalable solutions.",Fitness Enthusiasts,Marketplace Fee
AffordableFramework,E-commerce,A Affordable Framework connecting Small Businesses in E-commerce.,"At AffordableFramework, we deliver Affordable Framework that reshapes E-commerce experiences. Our Edge Computing-enabled platform empowers Small Businesses to achieve better outcomes, faster and smarter.",Small Businesses,Commission-based
SmartNest,GreenTech,A Smart Nest for GreenTech needs.,"SmartNest brings Smart Nest to GreenTech. Serving Gamers, we ensure efficiency, affordability, and unmatched innovation through Cloud Computing technology.",Gamers,Pay-per-use
InteractiveHub,PropTech,A Interactive solution for Freelancers in PropTech.,"InteractiveHub revolutionizes PropTech with Interactive Hub. Tailored for Freelancers, it ensures seamless interaction, advanced security, and insightful data to drive decisions.",Freelancers,Service-based
Data-DrivenNest,Wearable Tech,A Data-Driven solution for Researchers in Wearable Tech.,"At Data-DrivenNest, we deliver Data-Driven Nest that reshapes Wearable Tech experiences. Our Edge Computing-enabled platform empowers Researchers to achieve better outcomes, faster and smarter.",Researchers,Service-based
SecureCore,TravelTech,A Secure solution for Teachers in TravelTech.,"SecureCore is a Secure Core designed specifically for Teachers. By leveraging Predictive Analytics, it transforms how TravelTech operates. Users enjoy an intuitive interface, powerful analytics, and scalable solutions.",Teachers,Commission-based
PersonalizedEngine,PropTech,A Personalized way to innovate PropTech.,"PersonalizedEngine revolutionizes PropTech with Personalized Engine. Tailored for Nonprofits, it ensures seamless interaction, advanced security, and insightful data to drive decisions.",Nonprofits,Service-based
SmartMarketplace,FoodTech,A Smart way to innovate FoodTech.,"SmartMarketplace revolutionizes FoodTech with Smart Marketplace. Tailored for Gamers, it ensures seamless interaction, advanced security, and insightful data to drive decisions.",Gamers,Commission-based
AutomatedAssistant,FinTech,A Automated Assistant connecting Environmentalists in FinTech.,"AutomatedAssistant is a Automated Assistant designed specifically for Environmentalists. By leveraging AI and Machine Learning, it transforms how FinTech operates. Users enjoy an intuitive interface, powerful analytics, and scalable solutions.",Environmentalists,Pay-per-use
AffordableMarketplace,Remote Work Solutions,A Affordable Marketplace for Remote Work Solutions needs.,"AffordableMarketplace revolutionizes Remote Work Solutions with Affordable Marketplace. Tailored for Elderly, it ensures seamless interaction, advanced security, and insightful data to drive decisions.",Elderly,Pay-per-use
On-DemandExchange,FoodTech,A On-Demand solution for Investors in FoodTech.,"At On-DemandExchange, we deliver On-Demand Exchange that reshapes FoodTech experiences. Our Augmented Reality-enabled platform empowers Investors to achieve better outcomes, faster and smarter.",Investors,Donations
VirtualAssistant,SaaS,A Virtual Assistant connecting Artists in SaaS.,"VirtualAssistant brings Virtual Assistant to SaaS. Serving Artists, we ensure efficiency, affordability, and unmatched innovation through Augmented Reality technology.",Artists,Subscription
IntelligentSolutions,Wearable Tech,A Intelligent Solutions for Wearable Tech needs.,"IntelligentSolutions brings Intelligent Solutions to Wearable Tech. Serving Fitness Enthusiasts, we ensure efficiency, affordability, and unmatched innovation through Cloud Computing technology.",Fitness Enthusiasts,Service-based
VirtualExchange,PropTech,A Virtual solution for Nonprofits in PropTech.,"VirtualExchange brings Virtual Exchange to PropTech. Serving Nonprofits, we ensure efficiency, affordability, and unmatched innovation through Big Data technology.",Nonprofits,Freemium
IntelligentHub,Cybersecurity,An Intelligent platform revolutionizing Cybersecurity.,"IntelligentHub revolutionizes Cybersecurity with Intelligent Hub. Tailored for Teachers, it ensures seamless interaction, advanced security, and insightful data to drive decisions.",Teachers,Commission-based
InteractiveHub,FinTech,A Interactive Hub for FinTech needs.,"InteractiveHub is a Interactive Hub designed specifically for Startups. By leveraging Edge Computing, it transforms how FinTech operates. Users enjoy an intuitive interface, powerful analytics, and scalable solutions.",Startups,Product Sales
InteractiveNest,Wearable Tech,A Interactive Nest connecting Fitness Enthusiasts in Wearable Tech.,"InteractiveNest revolutionizes Wearable Tech with Interactive Nest. Tailored for Fitness Enthusiasts, it ensures seamless interaction, advanced security, and insightful data to drive decisions.",Fitness Enthusiasts,Freemium
InteractiveCore,Wearable Tech,A Interactive way to innovate Wearable Tech.,"InteractiveCore brings Interactive Core to Wearable Tech. Serving Artists, we ensure efficiency, affordability, and unmatched innovation through Edge Computing technology.",Artists,Marketplace Fee
Data-DrivenWorks,PropTech,A Data-Driven Works connecting Retailers in PropTech.,"Data-DrivenWorks is a Data-Driven Works designed specifically for Retailers. By leveraging Edge Computing, it transforms how PropTech operates. Users enjoy an intuitive interface, powerful analytics, and scalable solutions.",Retailers,Commission-based
On-DemandHub,Cybersecurity,A On-Demand way to innovate Cybersecurity.,"At On-DemandHub, we deliver On-Demand Hub that reshapes Cybersecurity experiences. Our Big Data-enabled platform empowers Travel Enthusiasts to achieve better outcomes, faster and smarter.",Travel Enthusiasts,Subscription
CollaborativeSolutions,PetTech,A Collaborative way to innovate PetTech.,"CollaborativeSolutions brings Collaborative Solutions to PetTech. Serving Retailers, we ensure efficiency, affordability, and unmatched innovation through Cybersecurity Innovations technology.",Retailers,Licensing
SecureHub,Fitness,An Secure platform revolutionizing Fitness.,"At SecureHub, we deliver Secure Hub that reshapes Fitness experiences. Our IoT Systems-enabled platform empowers Gamers to achieve better outcomes, faster and smarter.",Gamers,Product Sales
SecureFramework,Cybersecurity,An Secure platform revolutionizing Cybersecurity.,"SecureFramework revolutionizes Cybersecurity with Secure Framework. Tailored for Fitness Enthusiasts, it ensures seamless interaction, advanced security, and insightful data to drive decisions.",Fitness Enthusiasts,Freemium
SustainableLabs,RetailTech,A Sustainable way to innovate RetailTech.,"SustainableLabs brings Sustainable Labs to RetailTech. Serving Environmentalists, we ensure efficiency, affordability, and unmatched innovation through IoT Systems technology.",Environmentalists,Freemium
SecureSystems,FoodTech,A Secure solution for Small Businesses in FoodTech.,"At SecureSystems, we deliver Secure Systems that reshapes FoodTech experiences. Our Edge Computing-enabled platform empowers Small Businesses to achieve better outcomes, faster and smarter.",Small Businesses,Product Sales
SecureGrid,Cybersecurity,An Secure platform revolutionizing Cybersecurity.,"At SecureGrid, we deliver Secure Grid that reshapes Cybersecurity experiences. Our 5G Networks-enabled platform empowers Researchers to achieve better outcomes, faster and smarter.",Researchers,Donations
AutomatedExchange,PetTech,An Automated platform revolutionizing PetTech.,"AutomatedExchange revolutionizes PetTech with Automated Exchange. Tailored for Researchers, it ensures seamless interaction, advanced security, and insightful data to drive decisions.",Researchers,Product Sales
AffordableGrid,AgriTech,An Affordable platform revolutionizing AgriTech.,"AffordableGrid is a Affordable Grid designed specifically for Healthcare Providers. By leveraging Blockchain Technology, it transforms how AgriTech operates. Users enjoy an intuitive interface, powerful analytics, and scalable solutions.",Healthcare Providers,Service-based
NextGenAnalytics,TravelTech,An NextGen platform revolutionizing TravelTech.,"At NextGenAnalytics, we deliver NextGen Analytics that reshapes TravelTech experiences. Our AI and Machine Learning-enabled platform empowers Healthcare Providers to achieve better outcomes, faster and smarter.",Healthcare Providers,Marketplace Fee
VirtualSphere,Gaming,A Virtual solution for Teachers in Gaming.,"VirtualSphere brings Virtual Sphere to Gaming. Serving Teachers, we ensure efficiency, affordability, and unmatched innovation through Cybersecurity Innovations technology.",Teachers,Product Sales
VirtualAnalytics,FoodTech,A Virtual solution for Environmentalists in FoodTech.,"VirtualAnalytics is a Virtual Analytics designed specifically for Environmentalists. By leveraging Cloud Computing, it transforms how FoodTech operates. Users enjoy an intuitive interface, powerful analytics, and scalable solutions.",Environmentalists,Freemium
Data-DrivenAssistant,Remote Work Solutions,A Data-Driven Assistant for Remote Work Solutions needs.,"Data-DrivenAssistant revolutionizes Remote Work Solutions with Data-Driven Assistant. Tailored for Researchers, it ensures seamless interaction, advanced security, and insightful data to drive decisions.",Researchers,Pay-per-use
SecurePlatform,SaaS,A Secure Platform connecting Researchers in SaaS.,"SecurePlatform revolutionizes SaaS with Secure Platform. Tailored for Researchers, it ensures seamless interaction, advanced security, and insightful data to drive decisions.",Researchers,Pay-per-use
Data-DrivenPlatform,Blockchain,A Data-Driven Platform connecting Environmentalists in Blockchain.,"At Data-DrivenPlatform, we deliver Data-Driven Platform that reshapes Blockchain experiences. Our IoT Systems-enabled platform empowers Environmentalists to achieve better outcomes, faster and smarter.",Environmentalists,Freemium
SmartGrid,FinTech,An Smart platform revolutionizing FinTech.,"SmartGrid revolutionizes FinTech with Smart Grid. Tailored for Gamers, it ensures seamless interaction, advanced security, and insightful data to drive decisions.",Gamers,Product Sales
AutomatedExchange,AgriTech,A Automated Exchange connecting Pet Owners in AgriTech.,"AutomatedExchange brings Automated Exchange to AgriTech. Serving Pet Owners, we ensure efficiency, affordability, and unmatched innovation through IoT Systems technology.",Pet Owners,Freemium
SmartNetwork,PropTech,A Smart solution for Travel Enthusiasts in PropTech.,"SmartNetwork revolutionizes PropTech with Smart Network. Tailored for Travel Enthusiasts, it ensures seamless interaction, advanced security, and insightful data to drive decisions.",Travel Enthusiasts,Donations
PersonalizedAnalytics,EdTech,A Personalized solution for Researchers in EdTech.,"PersonalizedAnalytics is a Personalized Analytics designed specifically for Researchers. By leveraging Edge Computing, it transforms how EdTech operates. Users enjoy an intuitive interface, powerful analytics, and scalable solutions.",Researchers,Marketplace Fee
VirtualCloud,Gaming,A Virtual Cloud for Gaming needs.,"VirtualCloud brings Virtual Cloud to Gaming. Serving Elderly, we ensure efficiency, affordability, and unmatched innovation through 5G Networks technology.",Elderly,Subscription
AutomatedStudio,GreenTech,A Automated solution for Fitness Enthusiasts in GreenTech.,"AutomatedStudio is a Automated Studio designed specifically for Fitness Enthusiasts. By leveraging Blockchain Technology, it transforms how GreenTech operates. Users enjoy an intuitive interface, powerful analytics, and scalable solutions.",Fitness Enthusiasts,Pay-per-use
AI-poweredCore,PetTech,An AI-powered platform revolutionizing PetTech.,"AI-poweredCore revolutionizes PetTech with AI-powered Core. Tailored for Nonprofits, it ensures seamless interaction, advanced security, and insightful data to drive decisions.",Nonprofits,Marketplace Fee
AffordableGrid,AI & ML,A Affordable Grid connecting Fitness Enthusiasts in AI & ML.,"AffordableGrid revolutionizes AI & ML with Affordable Grid. Tailored for Fitness Enthusiasts, it ensures seamless interaction, advanced security, and insightful data to drive decisions.",Fitness Enthusiasts,Service-based
On-DemandSystems,AI & ML,A On-Demand Systems connecting Travel Enthusiasts in AI & ML.,"On-DemandSystems revolutionizes AI & ML with On-Demand Systems. Tailored for Travel Enthusiasts, it ensures seamless interaction, advanced security, and insightful data to drive decisions.",Travel Enthusiasts,Licensing
SecureWorks,RetailTech,A Secure solution for Teachers in RetailTech.,"SecureWorks brings Secure Works to RetailTech. Serving Teachers, we ensure efficiency, affordability, and unmatched innovation through Cybersecurity Innovations technology.",Teachers,Donations
InteractivePlatform,EdTech,A Interactive Platform for EdTech needs.,"InteractivePlatform is a Interactive Platform designed specifically for Elderly. By leveraging Edge Computing, it transforms how EdTech operates. Users enjoy an intuitive interface, powerful analytics, and scalable solutions.",Elderly,Marketplace Fee
SecureMarketplace,TravelTech,A Secure solution for Elderly in TravelTech.,"SecureMarketplace revolutionizes TravelTech with Secure Marketplace. Tailored for Elderly, it ensures seamless interaction, advanced security, and insightful data to drive decisions.",Elderly,Marketplace Fee
SustainablePlatform,Wearable Tech,An Sustainable platform revolutionizing Wearable Tech.,"SustainablePlatform is a Sustainable Platform designed specifically for Gamers. By leveraging AI and Machine Learning, it transforms how Wearable Tech operates. Users enjoy an intuitive interface, powerful analytics, and scalable solutions.",Gamers,Pay-per-use
DecentralizedWorks,Gaming,A Decentralized Works for Gaming needs.,"DecentralizedWorks revolutionizes Gaming with Decentralized Works. Tailored for Investors, it ensures seamless interaction, advanced security, and insightful data to drive decisions.",Investors,Marketplace Fee
InteractiveEngine,GreenTech,A Interactive Engine for GreenTech needs.,"InteractiveEngine is a Interactive Engine designed specifically for Investors. By leveraging Cybersecurity Innovations, it transforms how GreenTech operates. Users enjoy an intuitive interface, powerful analytics, and scalable solutions.",Investors,Commission-based
AffordableEngine,FinTech,A Affordable Engine connecting Students in FinTech.,"AffordableEngine is a Affordable Engine designed specifically for Students. By leveraging Predictive Analytics, it transforms how FinTech operates. Users enjoy an intuitive interface, powerful analytics, and scalable solutions.",Students,Pay-per-use
CollaborativeStudio,AgriTech,An Collaborative platform revolutionizing AgriTech.,"CollaborativeStudio revolutionizes AgriTech with Collaborative Studio. Tailored for Pet Owners, it ensures seamless interaction, advanced security, and insightful data to drive decisions.",Pet Owners,Marketplace Fee
Data-DrivenStudio,Wearable Tech,A Data-Driven Studio for Wearable Tech needs.,"Data-DrivenStudio is a Data-Driven Studio designed specifically for Pet Owners. By leveraging IoT Systems, it transforms how Wearable Tech operates. Users enjoy an intuitive interface, powerful analytics, and scalable solutions.",Pet Owners,Product Sales
Data-DrivenSystems,Mental Health,A Data-Driven solution for Healthcare Providers in Mental Health.,"Data-DrivenSystems revolutionizes Mental Health with Data-Driven Systems. Tailored for Healthcare Providers, it ensures seamless interaction, advanced security, and insightful data to drive decisions.",Healthcare Providers,Commission-based
PersonalizedWorks,RetailTech,An Personalized platform revolutionizing RetailTech.,"PersonalizedWorks brings Personalized Works to RetailTech. Serving Pet Owners, we ensure efficiency, affordability, and unmatched innovation through Blockchain Technology technology.",Pet Owners,Product Sales
On-DemandEngine,PetTech,A On-Demand way to innovate PetTech.,"On-DemandEngine is a On-Demand Engine designed specifically for Healthcare Providers. By leveraging IoT Systems, it transforms how PetTech operates. Users enjoy an intuitive interface, powerful analytics, and scalable solutions.",Healthcare Providers,Commission-based
AutomatedMarketplace,FoodTech,An Automated platform revolutionizing FoodTech.,"AutomatedMarketplace brings Automated Marketplace to FoodTech. Serving Pet Owners, we ensure efficiency, affordability, and unmatched innovation through Cloud Computing technology.",Pet Owners,Freemium
SmartExchange,E-commerce,A Smart Exchange connecting Travel Enthusiasts in E-commerce.,"SmartExchange is a Smart Exchange designed specifically for Travel Enthusiasts. By leveraging Augmented Reality, it transforms how E-commerce operates. Users enjoy an intuitive interface, powerful analytics, and scalable solutions.",Travel Enthusiasts,Licensing
AI-poweredLabs,FinTech,A AI-powered Labs connecting Investors in FinTech.,"AI-poweredLabs revolutionizes FinTech with AI-powered Labs. Tailored for Investors, it ensures seamless interaction, advanced security, and insightful data to drive decisions.",Investors,Commission-based
NextGenMarketplace,SaaS,A NextGen way to innovate SaaS.,"NextGenMarketplace brings NextGen Marketplace to SaaS. Serving Nonprofits, we ensure efficiency, affordability, and unmatched innovation through 5G Networks technology.",Nonprofits,Service-based
SmartFramework,E-commerce,An Smart platform revolutionizing E-commerce.,"At SmartFramework, we deliver Smart Framework that reshapes E-commerce experiences. Our Augmented Reality-enabled platform empowers Healthcare Providers to achieve better outcomes, faster and smarter.",Healthcare Providers,Pay-per-use
NextGenFramework,PropTech,A NextGen Framework for PropTech needs.,"NextGenFramework brings NextGen Framework to PropTech. Serving Researchers, we ensure efficiency, affordability, and unmatched innovation through Blockchain Technology technology.",Researchers,Donations
SustainableStudio,SaaS,A Sustainable Studio connecting Artists in SaaS.,"SustainableStudio is a Sustainable Studio designed specifically for Artists. By leveraging IoT Systems, it transforms how SaaS operates. Users enjoy an intuitive interface, powerful analytics, and scalable solutions.",Artists,Freemium
CollaborativeCloud,PetTech,A Collaborative way to innovate PetTech.,"CollaborativeCloud brings Collaborative Cloud to PetTech. Serving Artists, we ensure efficiency, affordability, and unmatched innovation through Augmented Reality technology.",Artists,Advertisement-based
InteractiveWorks,Mental Health,A Interactive Works for Mental Health needs.,"InteractiveWorks brings Interactive Works to Mental Health. Serving Pet Owners, we ensure efficiency, affordability, and unmatched innovation through IoT Systems technology.",Pet Owners,Advertisement-based
Data-DrivenSystems,Blockchain,A Data-Driven Systems for Blockchain needs.,"Data-DrivenSystems brings Data-Driven Systems to Blockchain. Serving Retailers, we ensure efficiency, affordability, and unmatched innovation through Big Data technology.",Retailers,Advertisement-based
NextGenStudio,AgriTech,A NextGen way to innovate AgriTech.,"NextGenStudio revolutionizes AgriTech with NextGen Studio. Tailored for Researchers, it ensures seamless interaction, advanced security, and insightful data to drive decisions.",Researchers,Marketplace Fee
AffordableNest,Cybersecurity,An Affordable platform revolutionizing Cybersecurity.,"AffordableNest revolutionizes Cybersecurity with Affordable Nest. Tailored for Teachers, it ensures seamless interaction, advanced security, and insightful data to drive decisions.",Teachers,Licensing
DecentralizedSolutions,Cybersecurity,A Decentralized way to innovate Cybersecurity.,"At DecentralizedSolutions, we deliver Decentralized Solutions that reshapes Cybersecurity experiences. Our Cybersecurity Innovations-enabled platform empowers Fitness Enthusiasts to achieve better outcomes, faster and smarter.",Fitness Enthusiasts,Marketplace Fee
DecentralizedSolutions,Mental Health,A Decentralized Solutions connecting Pet Owners in Mental Health.,"DecentralizedSolutions is a Decentralized Solutions designed specifically for Pet Owners. By leveraging Augmented Reality, it transforms how Mental Health operates. Users enjoy an intuitive interface, powerful analytics, and scalable solutions.",Pet Owners,Pay-per-use
IntelligentSphere,Cybersecurity,A Intelligent solution for Environmentalists in Cybersecurity.,"IntelligentSphere revolutionizes Cybersecurity with Intelligent Sphere. Tailored for Environmentalists, it ensures seamless interaction, advanced security, and insightful data to drive decisions.",Environmentalists,Donations
SecureCore,Mental Health,A Secure way to innovate Mental Health.,"SecureCore revolutionizes Mental Health with Secure Core. Tailored for Startups, it ensures seamless interaction, advanced security, and insightful data to drive decisions.",Startups,Subscription
NextGenNetwork,Mental Health,An NextGen platform revolutionizing Mental Health.,"NextGenNetwork revolutionizes Mental Health with NextGen Network. Tailored for Parents, it ensures seamless interaction, advanced security, and insightful data to drive decisions.",Parents,Commission-based
SustainableAssistant,Mental Health,A Sustainable solution for Environmentalists in Mental Health.,"SustainableAssistant revolutionizes Mental Health with Sustainable Assistant. Tailored for Environmentalists, it ensures seamless interaction, advanced security, and insightful data to drive decisions.",Environmentalists,Freemium
AffordableMarketplace,Mental Health,A Affordable Marketplace for Mental Health needs.,"AffordableMarketplace is a Affordable Marketplace designed specifically for Environmentalists. By leveraging Cybersecurity Innovations, it transforms how Mental Health operates. Users enjoy an intuitive interface, powerful analytics, and scalable solutions.",Environmentalists,Subscription
CollaborativeEngine,FoodTech,An Collaborative platform revolutionizing FoodTech.,"CollaborativeEngine brings Collaborative Engine to FoodTech. Serving Freelancers, we ensure efficiency, affordability, and unmatched innovation through 5G Networks technology.",Freelancers,Donations
IntelligentNest,Wearable Tech,A Intelligent way to innovate Wearable Tech.,"At IntelligentNest, we deliver Intelligent Nest that reshapes Wearable Tech experiences. Our Augmented Reality-enabled platform empowers Artists to achieve better outcomes, faster and smarter.",Artists,Subscription
SustainableSystems,E-commerce,An Sustainable platform revolutionizing E-commerce.,"At SustainableSystems, we deliver Sustainable Systems that reshapes E-commerce experiences. Our AI and Machine Learning-enabled platform empowers Elderly to achieve better outcomes, faster and smarter.",Elderly,Marketplace Fee
SmartNetwork,TravelTech,A Smart Network for TravelTech needs.,"SmartNetwork revolutionizes TravelTech with Smart Network. Tailored for Parents, it ensures seamless interaction, advanced security, and insightful data to drive decisions.",Parents,Licensing
CollaborativeSolutions,Gaming,An Collaborative platform revolutionizing Gaming.,"CollaborativeSolutions is a Collaborative Solutions designed specifically for Retailers. By leveraging Cybersecurity Innovations, it transforms how Gaming operates. Users enjoy an intuitive interface, powerful analytics, and scalable solutions.",Retailers,Donations
SecurePulse,Gaming,A Secure Pulse for Gaming needs.,"SecurePulse brings Secure Pulse to Gaming. Serving Artists, we ensure efficiency, affordability, and unmatched innovation through Edge Computing technology.",Artists,Advertisement-based
SmartSolutions,Fitness,A Smart Solutions for Fitness needs.,"SmartSolutions brings Smart Solutions to Fitness. Serving Small Businesses, we ensure efficiency, affordability, and unmatched innovation through Blockchain Technology technology.",Small Businesses,Donations
AffordableStudio,Fitness,An Affordable platform revolutionizing Fitness.,"AffordableStudio revolutionizes Fitness with Affordable Studio. Tailored for Elderly, it ensures seamless interaction, advanced security, and insightful data to drive decisions.",Elderly,Marketplace Fee
IntelligentCloud,RetailTech,A Intelligent Cloud for RetailTech needs.,"IntelligentCloud revolutionizes RetailTech with Intelligent Cloud. Tailored for Healthcare Providers, it ensures seamless interaction, advanced security, and insightful data to drive decisions.",Healthcare Providers,Freemium
InteractiveLabs,GreenTech,A Interactive solution for Researchers in GreenTech.,"InteractiveLabs is a Interactive Labs designed specifically for Researchers. By leveraging Cybersecurity Innovations, it transforms how GreenTech operates. Users enjoy an intuitive interface, powerful analytics, and scalable solutions.",Researchers,Service-based
AffordableNetwork,RetailTech,A Affordable Network for RetailTech needs.,"AffordableNetwork revolutionizes RetailTech with Affordable Network. Tailored for Freelancers, it ensures seamless interaction, advanced security, and insightful data to drive decisions.",Freelancers,Freemium
DecentralizedExchange,GreenTech,A Decentralized Exchange for GreenTech needs.,"DecentralizedExchange revolutionizes GreenTech with Decentralized Exchange. Tailored for Nonprofits, it ensures seamless interaction, advanced security, and insightful data to drive decisions.",Nonprofits,Donations
IntelligentEngine,Fitness,A Intelligent solution for Developers in Fitness.,"IntelligentEngine revolutionizes Fitness with Intelligent Engine. Tailored for Developers, it ensures seamless interaction, advanced security, and insightful data to drive decisions.",Developers,Freemium
AutomatedAnalytics,RetailTech,A Automated Analytics connecting Remote Workers in RetailTech.,"AutomatedAnalytics is a Automated Analytics designed specifically for Remote Workers. By leveraging AI and Machine Learning, it transforms how RetailTech operates. Users enjoy an intuitive interface, powerful analytics, and scalable solutions.",Remote Workers,Product Sales
SustainableNest,Remote Work Solutions,An Sustainable platform revolutionizing Remote Work Solutions.,"At SustainableNest, we deliver Sustainable Nest that reshapes Remote Work Solutions experiences. Our AI and Machine Learning-enabled platform empowers Remote Workers to achieve better outcomes, faster and smarter.",Remote Workers,Product Sales
SustainableNetwork,Mental Health,A Sustainable way to innovate Mental Health.,"SustainableNetwork is a Sustainable Network designed specifically for Artists. By leveraging IoT Systems, it transforms how Mental Health operates. Users enjoy an intuitive interface, powerful analytics, and scalable solutions.",Artists,Service-based
AutomatedAnalytics,Wearable Tech,A Automated solution for Small Businesses in Wearable Tech.,"AutomatedAnalytics is a Automated Analytics designed specifically for Small Businesses. By leveraging Cloud Computing, it transforms how Wearable Tech operates. Users enjoy an intuitive interface, powerful analytics, and scalable solutions.",Small Businesses,Marketplace Fee
On-DemandLabs,GreenTech,An On-Demand platform revolutionizing GreenTech.,"At On-DemandLabs, we deliver On-Demand Labs that reshapes GreenTech experiences. Our AI and Machine Learning-enabled platform empowers Gamers to achieve better outcomes, faster and smarter.",Gamers,Service-based
SustainableLabs,PropTech,An Sustainable platform revolutionizing PropTech.,"SustainableLabs is a Sustainable Labs designed specifically for Pet Owners. By leveraging AI and Machine Learning, it transforms how PropTech operates. Users enjoy an intuitive interface, powerful analytics, and scalable solutions.",Pet Owners,Subscription
AffordableFramework,E-commerce,A Affordable solution for Remote Workers in E-commerce.,"AffordableFramework brings Affordable Framework to E-commerce. Serving Remote Workers, we ensure efficiency, affordability, and unmatched innovation through 5G Networks technology.",Remote Workers,Commission-based
IntelligentLabs,AI & ML,A Intelligent way to innovate AI & ML.,"IntelligentLabs brings Intelligent Labs to AI & ML. Serving Investors, we ensure efficiency, affordability, and unmatched innovation through 5G Networks technology.",Investors,Freemium
AutomatedEngine,TravelTech,An Automated platform revolutionizing TravelTech.,"At AutomatedEngine, we deliver Automated Engine that reshapes TravelTech experiences. Our Augmented Reality-enabled platform empowers Nonprofits to achieve better outcomes, faster and smarter.",Nonprofits,Freemium
IntelligentSolutions,Wearable Tech,An Intelligent platform revolutionizing Wearable Tech.,"IntelligentSolutions revolutionizes Wearable Tech with Intelligent Solutions. Tailored for Nonprofits, it ensures seamless interaction, advanced security, and insightful data to drive decisions.",Nonprofits,Service-based
On-DemandEngine,Blockchain,A On-Demand Engine connecting Environmentalists in Blockchain.,"On-DemandEngine is a On-Demand Engine designed specifically for Environmentalists. By leveraging IoT Systems, it transforms how Blockchain operates. Users enjoy an intuitive interface, powerful analytics, and scalable solutions.",Environmentalists,Product Sales
NextGenAssistant,FoodTech,A NextGen way to innovate FoodTech.,"At NextGenAssistant, we deliver NextGen Assistant that reshapes FoodTech experiences. Our Predictive Analytics-enabled platform empowers Healthcare Providers to achieve better outcomes, faster and smarter.",Healthcare Providers,Pay-per-use
SmartMarketplace,Remote Work Solutions,A Smart Marketplace for Remote Work Solutions needs.,"SmartMarketplace is a Smart Marketplace designed specifically for Teachers. By leveraging Cybersecurity Innovations, it transforms how Remote Work Solutions operates. Users enjoy an intuitive interface, powerful analytics, and scalable solutions.",Teachers,Product Sales
SmartCore,FinTech,A Smart solution for Students in FinTech.,"SmartCore revolutionizes FinTech with Smart Core. Tailored for Students, it ensures seamless interaction, advanced security, and insightful data to drive decisions.",Students,Subscription
InteractiveFramework,AI & ML,A Interactive Framework for AI & ML needs.,"InteractiveFramework revolutionizes AI & ML with Interactive Framework. Tailored for Small Businesses, it ensures seamless interaction, advanced security, and insightful data to drive decisions.",Small Businesses,Freemium
AutomatedCore,Cybersecurity,A Automated Core connecting Freelancers in Cybersecurity.,"AutomatedCore brings Automated Core to Cybersecurity. Serving Freelancers, we ensure efficiency, affordability, and unmatched innovation through Augmented Reality technology.",Freelancers,Product Sales
AffordableAssistant,EdTech,A Affordable Assistant connecting Fitness Enthusiasts in EdTech.,"At AffordableAssistant, we deliver Affordable Assistant that reshapes EdTech experiences. Our 5G Networks-enabled platform empowers Fitness Enthusiasts to achieve better outcomes, faster and smarter.",Fitness Enthusiasts,Product Sales
SustainableLabs,HealthTech,An Sustainable platform revolutionizing HealthTech.,"SustainableLabs revolutionizes HealthTech with Sustainable Labs. Tailored for Small Businesses, it ensures seamless interaction, advanced security, and insightful data to drive decisions.",Small Businesses,Commission-based
CollaborativeGrid,Blockchain,A Collaborative way to innovate Blockchain.,"CollaborativeGrid is a Collaborative Grid designed specifically for Developers. By leveraging Big Data, it transforms how Blockchain operates. Users enjoy an intuitive interface, powerful analytics, and scalable solutions.",Developers,Freemium
On-DemandGrid,PropTech,A On-Demand Grid for PropTech needs.,"On-DemandGrid is a On-Demand Grid designed specifically for Retailers. By leveraging 5G Networks, it transforms how PropTech operates. Users enjoy an intuitive interface, powerful analytics, and scalable solutions.",Retailers,Product Sales
SecureEngine,Cybersecurity,A Secure solution for Gamers in Cybersecurity.,"SecureEngine revolutionizes Cybersecurity with Secure Engine. Tailored for Gamers, it ensures seamless interaction, advanced security, and insightful data to drive decisions.",Gamers,Donations
Data-DrivenLabs,Blockchain,A Data-Driven way to innovate Blockchain.,"Data-DrivenLabs is a Data-Driven Labs designed specifically for Teachers. By leveraging AI and Machine Learning, it transforms how Blockchain operates. Users enjoy an intuitive interface, powerful analytics, and scalable solutions.",Teachers,Pay-per-use
AI-poweredPlatform,E-commerce,A AI-powered way to innovate E-commerce.,"At AI-poweredPlatform, we deliver AI-powered Platform that reshapes E-commerce experiences. Our Blockchain Technology-enabled platform empowers Teachers to achieve better outcomes, faster and smarter.",Teachers,Marketplace Fee
DecentralizedWorks,Remote Work Solutions,A Decentralized Works connecting Environmentalists in Remote Work Solutions.,"DecentralizedWorks brings Decentralized Works to Remote Work Solutions. Serving Environmentalists, we ensure efficiency, affordability, and unmatched innovation through Predictive Analytics technology.",Environmentalists,Marketplace Fee
DecentralizedNest,AgriTech,A Decentralized Nest connecting Researchers in AgriTech.,"DecentralizedNest brings Decentralized Nest to AgriTech. Serving Researchers, we ensure efficiency, affordability, and unmatched innovation through Cloud Computing technology.",Researchers,Freemium
SustainableHub,FinTech,An Sustainable platform revolutionizing FinTech.,"SustainableHub is a Sustainable Hub designed specifically for Environmentalists. By leveraging Predictive Analytics, it transforms how FinTech operates. Users enjoy an intuitive interface, powerful analytics, and scalable solutions.",Environmentalists,Commission-based
SustainableNest,Gaming,A Sustainable way to innovate Gaming.,"SustainableNest is a Sustainable Nest designed specifically for Investors. By leveraging Cybersecurity Innovations, it transforms how Gaming operates. Users enjoy an intuitive interface, powerful analytics, and scalable solutions.",Investors,Service-based
AutomatedCore,SaaS,A Automated Core for SaaS needs.,"AutomatedCore is a Automated Core designed specifically for Developers. By leveraging Augmented Reality, it transforms how SaaS operates. Users enjoy an intuitive interface, powerful analytics, and scalable solutions.",Developers,Subscription
IntelligentPulse,EdTech,A Intelligent Pulse connecting Developers in EdTech.,"IntelligentPulse revolutionizes EdTech with Intelligent Pulse. Tailored for Developers, it ensures seamless interaction, advanced security, and insightful data to drive decisions.",Developers,Donations
SustainableFramework,GreenTech,An Sustainable platform revolutionizing GreenTech.,"SustainableFramework revolutionizes GreenTech with Sustainable Framework. Tailored for Freelancers, it ensures seamless interaction, advanced security, and insightful data to drive decisions.",Freelancers,Commission-based
DecentralizedExchange,AgriTech,A Decentralized Exchange connecting Travel Enthusiasts in AgriTech.,"At DecentralizedExchange, we deliver Decentralized Exchange that reshapes AgriTech experiences. Our Cybersecurity Innovations-enabled platform empowers Travel Enthusiasts to achieve better outcomes, faster and smarter.",Travel Enthusiasts,Marketplace Fee
AI-poweredStudio,Gaming,A AI-powered Studio for Gaming needs.,"At AI-poweredStudio, we deliver AI-powered Studio that reshapes Gaming experiences. Our Big Data-enabled platform empowers Freelancers to achieve better outcomes, faster and smarter.",Freelancers,Donations
NextGenExchange,TravelTech,A NextGen Exchange connecting Teachers in TravelTech.,"NextGenExchange revolutionizes TravelTech with NextGen Exchange. Tailored for Teachers, it ensures seamless interaction, advanced security, and insightful data to drive decisions.",Teachers,Subscription
InteractiveSolutions,Blockchain,A Interactive way to innovate Blockchain.,"InteractiveSolutions brings Interactive Solutions to Blockchain. Serving Developers, we ensure efficiency, affordability, and unmatched innovation through AI and Machine Learning technology.",Developers,Licensing
IntelligentCore,RetailTech,An Intelligent platform revolutionizing RetailTech.,"IntelligentCore is a Intelligent Core designed specifically for Startups. By leveraging 5G Networks, it transforms how RetailTech operates. Users enjoy an intuitive interface, powerful analytics, and scalable solutions.",Startups,Subscription
VirtualCloud,HealthTech,A Virtual Cloud connecting Elderly in HealthTech.,"VirtualCloud is a Virtual Cloud designed specifically for Elderly. By leveraging Cloud Computing, it transforms how HealthTech operates. Users enjoy an intuitive interface, powerful analytics, and scalable solutions.",Elderly,Product Sales
SustainableExchange,TravelTech,A Sustainable solution for Remote Workers in TravelTech.,"At SustainableExchange, we deliver Sustainable Exchange that reshapes TravelTech experiences. Our Big Data-enabled platform empowers Remote Workers to achieve better outcomes, faster and smarter.",Remote Workers,Advertisement-based
PersonalizedCloud,TravelTech,An Personalized platform revolutionizing TravelTech.,"PersonalizedCloud is a Personalized Cloud designed specifically for Environmentalists. By leveraging Predictive Analytics, it transforms how TravelTech operates. Users enjoy an intuitive interface, powerful analytics, and scalable solutions.",Environmentalists,Marketplace Fee
Data-DrivenSphere,SaaS,A Data-Driven Sphere for SaaS needs.,"Data-DrivenSphere brings Data-Driven Sphere to SaaS. Serving Parents, we ensure efficiency, affordability, and unmatched innovation through Big Data technology.",Parents,Donations
SustainableStudio,FoodTech,A Sustainable Studio for FoodTech needs.,"At SustainableStudio, we deliver Sustainable Studio that reshapes FoodTech experiences. Our Predictive Analytics-enabled platform empowers Freelancers to achieve better outcomes, faster and smarter.",Freelancers,Subscription
CollaborativeCore,GreenTech,A Collaborative way to innovate GreenTech.,"CollaborativeCore is a Collaborative Core designed specifically for Small Businesses. By leveraging Augmented Reality, it transforms how GreenTech operates. Users enjoy an intuitive interface, powerful analytics, and scalable solutions.",Small Businesses,Product Sales
AffordableMarketplace,AI & ML,A Affordable Marketplace for AI & ML needs.,"AffordableMarketplace brings Affordable Marketplace to AI & ML. Serving Artists, we ensure efficiency, affordability, and unmatched innovation through AI and Machine Learning technology.",Artists,Commission-based
AI-poweredAnalytics,Fitness,A AI-powered solution for Developers in Fitness.,"At AI-poweredAnalytics, we deliver AI-powered Analytics that reshapes Fitness experiences. Our Augmented Reality-enabled platform empowers Developers to achieve better outcomes, faster and smarter.",Developers,Licensing
AI-poweredLabs,Mental Health,An AI-powered platform revolutionizing Mental Health.,"AI-poweredLabs revolutionizes Mental Health with AI-powered Labs. Tailored for Environmentalists, it ensures seamless interaction, advanced security, and insightful data to drive decisions.",Environmentalists,Commission-based
Data-DrivenGrid,Cybersecurity,A Data-Driven Grid connecting Students in Cybersecurity.,"Data-DrivenGrid revolutionizes Cybersecurity with Data-Driven Grid. Tailored for Students, it ensures seamless interaction, advanced security, and insightful data to drive decisions.",Students,Product Sales
AffordableNest,RetailTech,A Affordable solution for Freelancers in RetailTech.,"AffordableNest revolutionizes RetailTech with Affordable Nest. Tailored for Freelancers, it ensures seamless interaction, advanced security, and insightful data to drive decisions.",Freelancers,Pay-per-use
VirtualSphere,HealthTech,A Virtual solution for Parents in HealthTech.,"VirtualSphere revolutionizes HealthTech with Virtual Sphere. Tailored for Parents, it ensures seamless interaction, advanced security, and insightful data to drive decisions.",Parents,Freemium
NextGenNest,Mental Health,A NextGen Nest for Mental Health needs.,"NextGenNest revolutionizes Mental Health with NextGen Nest. Tailored for Developers, it ensures seamless interaction, advanced security, and insightful data to drive decisions.",Developers,Subscription
DecentralizedPlatform,AgriTech,A Decentralized Platform connecting Investors in AgriTech.,"DecentralizedPlatform is a Decentralized Platform designed specifically for Investors. By leveraging Cybersecurity Innovations, it transforms how AgriTech operates. Users enjoy an intuitive interface, powerful analytics, and scalable solutions.",Investors,Pay-per-use
VirtualPlatform,AgriTech,A Virtual Platform connecting Nonprofits in AgriTech.,"VirtualPlatform is a Virtual Platform designed specifically for Nonprofits. By leveraging Cybersecurity Innovations, it transforms how AgriTech operates. Users enjoy an intuitive interface, powerful analytics, and scalable solutions.",Nonprofits,Licensing
CollaborativeSystems,GreenTech,A Collaborative solution for Environmentalists in GreenTech.,"At CollaborativeSystems, we deliver Collaborative Systems that reshapes GreenTech experiences. Our Predictive Analytics-enabled platform empowers Environmentalists to achieve better outcomes, faster and smarter.",Environmentalists,Service-based
SustainableLabs,AgriTech,A Sustainable solution for Small Businesses in AgriTech.,"SustainableLabs revolutionizes AgriTech with Sustainable Labs. Tailored for Small Businesses, it ensures seamless interaction, advanced security, and insightful data to drive decisions.",Small Businesses,Commission-based
AutomatedFramework,TravelTech,An Automated platform revolutionizing TravelTech.,"AutomatedFramework is a Automated Framework designed specifically for Fitness Enthusiasts. By leveraging Augmented Reality, it transforms how TravelTech operates. Users enjoy an intuitive interface, powerful analytics, and scalable solutions.",Fitness Enthusiasts,Marketplace Fee
On-DemandGrid,SaaS,A On-Demand Grid connecting Retailers in SaaS.,"On-DemandGrid brings On-Demand Grid to SaaS. Serving Retailers, we ensure efficiency, affordability, and unmatched innovation through Cybersecurity Innovations technology.",Retailers,Marketplace Fee
IntelligentStudio,Mental Health,An Intelligent platform revolutionizing Mental Health.,"IntelligentStudio is a Intelligent Studio designed specifically for Pet Owners. By leveraging Augmented Reality, it transforms how Mental Health operates. Users enjoy an intuitive interface, powerful analytics, and scalable solutions.",Pet Owners,Freemium
InteractiveFramework,Remote Work Solutions,A Interactive solution for Freelancers in Remote Work Solutions.,"InteractiveFramework revolutionizes Remote Work Solutions with Interactive Framework. Tailored for Freelancers, it ensures seamless interaction, advanced security, and insightful data to drive decisions.",Freelancers,Commission-based
DecentralizedWorks,Blockchain,A Decentralized way to innovate Blockchain.,"DecentralizedWorks is a Decentralized Works designed specifically for Gamers. By leveraging Augmented Reality, it transforms how Blockchain operates. Users enjoy an intuitive interface, powerful analytics, and scalable solutions.",Gamers,Product Sales
CollaborativeExchange,PropTech,An Collaborative platform revolutionizing PropTech.,"CollaborativeExchange brings Collaborative Exchange to PropTech. Serving Students, we ensure efficiency, affordability, and unmatched innovation through Cloud Computing technology.",Students,Freemium
PersonalizedExchange,Gaming,A Personalized Exchange for Gaming needs.,"At PersonalizedExchange, we deliver Personalized Exchange that reshapes Gaming experiences. Our Edge Computing-enabled platform empowers Teachers to achieve better outcomes, faster and smarter.",Teachers,Advertisement-based
InteractiveStudio,FinTech,An Interactive platform revolutionizing FinTech.,"InteractiveStudio is a Interactive Studio designed specifically for Environmentalists. By leveraging Blockchain Technology, it transforms how FinTech operates. Users enjoy an intuitive interface, powerful analytics, and scalable solutions.",Environmentalists,Donations
VirtualAssistant,AgriTech,An Virtual platform revolutionizing AgriTech.,"At VirtualAssistant, we deliver Virtual Assistant that reshapes AgriTech experiences. Our Blockchain Technology-enabled platform empowers Parents to achieve better outcomes, faster and smarter.",Parents,Advertisement-based
DecentralizedNetwork,EdTech,An Decentralized platform revolutionizing EdTech.,"DecentralizedNetwork is a Decentralized Network designed specifically for Students. By leveraging Augmented Reality, it transforms how EdTech operates. Users enjoy an intuitive interface, powerful analytics, and scalable solutions.",Students,Subscription
VirtualGrid,Wearable Tech,A Virtual Grid connecting Retailers in Wearable Tech.,"VirtualGrid is a Virtual Grid designed specifically for Retailers. By leveraging Edge Computing, it transforms how Wearable Tech operates. Users enjoy an intuitive interface, powerful analytics, and scalable solutions.",Retailers,Commission-based
DecentralizedHub,PetTech,A Decentralized Hub connecting Parents in PetTech.,"DecentralizedHub brings Decentralized Hub to PetTech. Serving Parents, we ensure efficiency, affordability, and unmatched innovation through Augmented Reality technology.",Parents,Donations
SmartAssistant,TravelTech,A Smart solution for Environmentalists in TravelTech.,"SmartAssistant revolutionizes TravelTech with Smart Assistant. Tailored for Environmentalists, it ensures seamless interaction, advanced security, and insightful data to drive decisions.",Environmentalists,Freemium
Data-DrivenNest,Mental Health,A Data-Driven way to innovate Mental Health.,"At Data-DrivenNest, we deliver Data-Driven Nest that reshapes Mental Health experiences. Our Cloud Computing-enabled platform empowers Researchers to achieve better outcomes, faster and smarter.",Researchers,Commission-based
SecureAssistant,PropTech,An Secure platform revolutionizing PropTech.,"SecureAssistant revolutionizes PropTech with Secure Assistant. Tailored for Elderly, it ensures seamless interaction, advanced security, and insightful data to drive decisions.",Elderly,Marketplace Fee
VirtualSolutions,PetTech,A Virtual Solutions for PetTech needs.,"At VirtualSolutions, we deliver Virtual Solutions that reshapes PetTech experiences. Our Cybersecurity Innovations-enabled platform empowers Students to achieve better outcomes, faster and smarter.",Students,Service-based
VirtualCore,Cybersecurity,A Virtual Core connecting Investors in Cybersecurity.,"VirtualCore revolutionizes Cybersecurity with Virtual Core. Tailored for Investors, it ensures seamless interaction, advanced security, and insightful data to drive decisions.",Investors,Marketplace Fee
InteractivePulse,Cybersecurity,A Interactive way to innovate Cybersecurity.,"InteractivePulse revolutionizes Cybersecurity with Interactive Pulse. Tailored for Artists, it ensures seamless interaction, advanced security, and insightful data to drive decisions.",Artists,Pay-per-use
AutomatedGrid,Wearable Tech,An Automated platform revolutionizing Wearable Tech.,"At AutomatedGrid, we deliver Automated Grid that reshapes Wearable Tech experiences. Our Cloud Computing-enabled platform empowers Travel Enthusiasts to achieve better outcomes, faster and smarter.",Travel Enthusiasts,Service-based
SmartNetwork,TravelTech,A Smart Network for TravelTech needs.,"SmartNetwork is a Smart Network designed specifically for Pet Owners. By leveraging Augmented Reality, it transforms how TravelTech operates. Users enjoy an intuitive interface, powerful analytics, and scalable solutions.",Pet Owners,Service-based
AutomatedAssistant,PetTech,A Automated Assistant connecting Pet Owners in PetTech.,"AutomatedAssistant revolutionizes PetTech with Automated Assistant. Tailored for Pet Owners, it ensures seamless interaction, advanced security, and insightful data to drive decisions.",Pet Owners,Marketplace Fee
SecureExchange,Remote Work Solutions,An Secure platform revolutionizing Remote Work Solutions.,"SecureExchange brings Secure Exchange to Remote Work Solutions. Serving Teachers, we ensure efficiency, affordability, and unmatched innovation through Blockchain Technology technology.",Teachers,Licensing
Data-DrivenAssistant,Mental Health,A Data-Driven solution for Small Businesses in Mental Health.,"Data-DrivenAssistant is a Data-Driven Assistant designed specifically for Small Businesses. By leveraging Edge Computing, it transforms how Mental Health operates. Users enjoy an intuitive interface, powerful analytics, and scalable solutions.",Small Businesses,Licensing
AutomatedAssistant,HealthTech,An Automated platform revolutionizing HealthTech.,"AutomatedAssistant revolutionizes HealthTech with Automated Assistant. Tailored for Investors, it ensures seamless interaction, advanced security, and insightful data to drive decisions.",Investors,Product Sales
AffordableCloud,Blockchain,A Affordable Cloud connecting Fitness Enthusiasts in Blockchain.,"AffordableCloud revolutionizes Blockchain with Affordable Cloud. Tailored for Fitness Enthusiasts, it ensures seamless interaction, advanced security, and insightful data to drive decisions.",Fitness Enthusiasts,Subscription
VirtualPulse,TravelTech,A Virtual way to innovate TravelTech.,"VirtualPulse is a Virtual Pulse designed specifically for Environmentalists. By leveraging AI and Machine Learning, it transforms how TravelTech operates. Users enjoy an intuitive interface, powerful analytics, and scalable solutions.",Environmentalists,Subscription
PersonalizedNest,Mental Health,A Personalized solution for Elderly in Mental Health.,"PersonalizedNest revolutionizes Mental Health with Personalized Nest. Tailored for Elderly, it ensures seamless interaction, advanced security, and insightful data to drive decisions.",Elderly,Pay-per-use
IntelligentPlatform,FoodTech,A Intelligent way to innovate FoodTech.,"IntelligentPlatform revolutionizes FoodTech with Intelligent Platform. Tailored for Environmentalists, it ensures seamless interaction, advanced security, and insightful data to drive decisions.",Environmentalists,Donations
IntelligentFramework,PropTech,A Intelligent solution for Travel Enthusiasts in PropTech.,"IntelligentFramework revolutionizes PropTech with Intelligent Framework. Tailored for Travel Enthusiasts, it ensures seamless interaction, advanced security, and insightful data to drive decisions.",Travel Enthusiasts,Commission-based
CollaborativeExchange,TravelTech,A Collaborative Exchange for TravelTech needs.,"At CollaborativeExchange, we deliver Collaborative Exchange that reshapes TravelTech experiences. Our Edge Computing-enabled platform empowers Developers to achieve better outcomes, faster and smarter.",Developers,Advertisement-based
VirtualPlatform,Gaming,A Virtual way to innovate Gaming.,"At VirtualPlatform, we deliver Virtual Platform that reshapes Gaming experiences. Our Big Data-enabled platform empowers Teachers to achieve better outcomes, faster and smarter.",Teachers,Pay-per-use
SecureSolutions,Mental Health,An Secure platform revolutionizing Mental Health.,"SecureSolutions is a Secure Solutions designed specifically for Startups. By leveraging Cloud Computing, it transforms how Mental Health operates. Users enjoy an intuitive interface, powerful analytics, and scalable solutions.",Startups,Subscription
AI-poweredPulse,Remote Work Solutions,A AI-powered solution for Retailers in Remote Work Solutions.,"AI-poweredPulse is a AI-powered Pulse designed specifically for Retailers. By leveraging Edge Computing, it transforms how Remote Work Solutions operates. Users enjoy an intuitive interface, powerful analytics, and scalable solutions.",Retailers,Marketplace Fee
AI-poweredFramework,Blockchain,A AI-powered Framework connecting Healthcare Providers in Blockchain.,"At AI-poweredFramework, we deliver AI-powered Framework that reshapes Blockchain experiences. Our IoT Systems-enabled platform empowers Healthcare Providers to achieve better outcomes, faster and smarter.",Healthcare Providers,Donations
PersonalizedCloud,SaaS,An Personalized platform revolutionizing SaaS.,"PersonalizedCloud revolutionizes SaaS with Personalized Cloud. Tailored for Elderly, it ensures seamless interaction, advanced security, and insightful data to drive decisions.",Elderly,Licensing
SustainablePlatform,Gaming,A Sustainable Platform for Gaming needs.,"SustainablePlatform is a Sustainable Platform designed specifically for Students. By leveraging Blockchain Technology, it transforms how Gaming operates. Users enjoy an intuitive interface, powerful analytics, and scalable solutions.",Students,Donations
AutomatedStudio,FoodTech,An Automated platform revolutionizing FoodTech.,"AutomatedStudio brings Automated Studio to FoodTech. Serving Fitness Enthusiasts, we ensure efficiency, affordability, and unmatched innovation through Cloud Computing technology.",Fitness Enthusiasts,Commission-based
DecentralizedFramework,GreenTech,A Decentralized Framework for GreenTech needs.,"DecentralizedFramework revolutionizes GreenTech with Decentralized Framework. Tailored for Remote Workers, it ensures seamless interaction, advanced security, and insightful data to drive decisions.",Remote Workers,Product Sales
AffordablePulse,FoodTech,A Affordable Pulse connecting Developers in FoodTech.,"AffordablePulse is a Affordable Pulse designed specifically for Developers. By leveraging Predictive Analytics, it transforms how FoodTech operates. Users enjoy an intuitive interface, powerful analytics, and scalable solutions.",Developers,Pay-per-use
AffordableSphere,Remote Work Solutions,A Affordable way to innovate Remote Work Solutions.,"AffordableSphere revolutionizes Remote Work Solutions with Affordable Sphere. Tailored for Remote Workers, it ensures seamless interaction, advanced security, and insightful data to drive decisions.",Remote Workers,Service-based
SustainableNetwork,FoodTech,A Sustainable solution for Gamers in FoodTech.,"At SustainableNetwork, we deliver Sustainable Network that reshapes FoodTech experiences. Our AI and Machine Learning-enabled platform empowers Gamers to achieve better outcomes, faster and smarter.",Gamers,Licensing
AffordableCore,Fitness,A Affordable solution for Startups in Fitness.,"AffordableCore is a Affordable Core designed specifically for Startups. By leveraging Augmented Reality, it transforms how Fitness operates. Users enjoy an intuitive interface, powerful analytics, and scalable solutions.",Startups,Advertisement-based
SecureFramework,Remote Work Solutions,An Secure platform revolutionizing Remote Work Solutions.,"At SecureFramework, we deliver Secure Framework that reshapes Remote Work Solutions experiences. Our IoT Systems-enabled platform empowers Elderly to achieve better outcomes, faster and smarter.",Elderly,Donations
AutomatedGrid,SaaS,A Automated Grid for SaaS needs.,"At AutomatedGrid, we deliver Automated Grid that reshapes SaaS experiences. Our Blockchain Technology-enabled platform empowers Artists to achieve better outcomes, faster and smarter.",Artists,Product Sales
InteractiveMarketplace,Mental Health,A Interactive way to innovate Mental Health.,"InteractiveMarketplace is a Interactive Marketplace designed specifically for Investors. By leveraging Big Data, it transforms how Mental Health operates. Users enjoy an intuitive interface, powerful analytics, and scalable solutions.",Investors,Licensing
DecentralizedSphere,GreenTech,A Decentralized way to innovate GreenTech.,"DecentralizedSphere revolutionizes GreenTech with Decentralized Sphere. Tailored for Nonprofits, it ensures seamless interaction, advanced security, and insightful data to drive decisions.",Nonprofits,Pay-per-use
IntelligentNest,Wearable Tech,A Intelligent Nest for Wearable Tech needs.,"IntelligentNest is a Intelligent Nest designed specifically for Healthcare Providers. By leveraging Augmented Reality, it transforms how Wearable Tech operates. Users enjoy an intuitive interface, powerful analytics, and scalable solutions.",Healthcare Providers,Pay-per-use
CollaborativeAnalytics,PetTech,A Collaborative solution for Gamers in PetTech.,"CollaborativeAnalytics brings Collaborative Analytics to PetTech. Serving Gamers, we ensure efficiency, affordability, and unmatched innovation through 5G Networks technology.",Gamers,Freemium
DecentralizedAssistant,SaaS,A Decentralized Assistant connecting Environmentalists in SaaS.,"DecentralizedAssistant is a Decentralized Assistant designed specifically for Environmentalists. By leveraging 5G Networks, it transforms how SaaS operates. Users enjoy an intuitive interface, powerful analytics, and scalable solutions.",Environmentalists,Commission-based
DecentralizedExchange,Cybersecurity,A Decentralized solution for Startups in Cybersecurity.,"DecentralizedExchange brings Decentralized Exchange to Cybersecurity. Serving Startups, we ensure efficiency, affordability, and unmatched innovation through Edge Computing technology.",Startups,Service-based
CollaborativeSolutions,Fitness,An Collaborative platform revolutionizing Fitness.,"At CollaborativeSolutions, we deliver Collaborative Solutions that reshapes Fitness experiences. Our IoT Systems-enabled platform empowers Parents to achieve better outcomes, faster and smarter.",Parents,Pay-per-use
InteractiveWorks,Cybersecurity,A Interactive solution for Artists in Cybersecurity.,"InteractiveWorks is a Interactive Works designed specifically for Artists. By leveraging IoT Systems, it transforms how Cybersecurity operates. Users enjoy an intuitive interface, powerful analytics, and scalable solutions.",Artists,Commission-based
NextGenAnalytics,Mental Health,An NextGen platform revolutionizing Mental Health.,"NextGenAnalytics revolutionizes Mental Health with NextGen Analytics. Tailored for Retailers, it ensures seamless interaction, advanced security, and insightful data to drive decisions.",Retailers,Subscription
AffordableHub,FoodTech,A Affordable Hub connecting Students in FoodTech.,"At AffordableHub, we deliver Affordable Hub that reshapes FoodTech experiences. Our Edge Computing-enabled platform empowers Students to achieve better outcomes, faster and smarter.",Students,Marketplace Fee
InteractiveSphere,Mental Health,A Interactive Sphere for Mental Health needs.,"InteractiveSphere is a Interactive Sphere designed specifically for Fitness Enthusiasts. By leveraging Cybersecurity Innovations, it transforms how Mental Health operates. Users enjoy an intuitive interface, powerful analytics, and scalable solutions.",Fitness Enthusiasts,Freemium
SmartPulse,AI & ML,A Smart Pulse for AI & ML needs.,"SmartPulse revolutionizes AI & ML with Smart Pulse. Tailored for Fitness Enthusiasts, it ensures seamless interaction, advanced security, and insightful data to drive decisions.",Fitness Enthusiasts,Pay-per-use
DecentralizedPlatform,PropTech,An Decentralized platform revolutionizing PropTech.,"DecentralizedPlatform revolutionizes PropTech with Decentralized Platform. Tailored for Investors, it ensures seamless interaction, advanced security, and insightful data to drive decisions.",Investors,Subscription
SustainableExchange,Wearable Tech,A Sustainable solution for Artists in Wearable Tech.,"At SustainableExchange, we deliver Sustainable Exchange that reshapes Wearable Tech experiences. Our Predictive Analytics-enabled platform empowers Artists to achieve better outcomes, faster and smarter.",Artists,Marketplace Fee
DecentralizedNetwork,E-commerce,A Decentralized way to innovate E-commerce.,"DecentralizedNetwork revolutionizes E-commerce with Decentralized Network. Tailored for Gamers, it ensures seamless interaction, advanced security, and insightful data to drive decisions.",Gamers,Marketplace Fee
DecentralizedSystems,Blockchain,A Decentralized Systems for Blockchain needs.,"DecentralizedSystems is a Decentralized Systems designed specifically for Small Businesses. By leveraging Blockchain Technology, it transforms how Blockchain operates. Users enjoy an intuitive interface, powerful analytics, and scalable solutions.",Small Businesses,Licensing
InteractiveEngine,AI & ML,A Interactive way to innovate AI & ML.,"InteractiveEngine is a Interactive Engine designed specifically for Healthcare Providers. By leveraging AI and Machine Learning, it transforms how AI & ML operates. Users enjoy an intuitive interface, powerful analytics, and scalable solutions.",Healthcare Providers,Licensing
VirtualSystems,E-commerce,A Virtual Systems for E-commerce needs.,"VirtualSystems revolutionizes E-commerce with Virtual Systems. Tailored for Investors, it ensures seamless interaction, advanced security, and insightful data to drive decisions.",Investors,Marketplace Fee
VirtualHub,PropTech,A Virtual Hub for PropTech needs.,"VirtualHub is a Virtual Hub designed specifically for Pet Owners. By leveraging Predictive Analytics, it transforms how PropTech operates. Users enjoy an intuitive interface, powerful analytics, and scalable solutions.",Pet Owners,Marketplace Fee
InteractiveEngine,AI & ML,A Interactive way to innovate AI & ML.,"InteractiveEngine revolutionizes AI & ML with Interactive Engine. Tailored for Nonprofits, it ensures seamless interaction, advanced security, and insightful data to drive decisions.",Nonprofits,Service-based
IntelligentAssistant,FinTech,A Intelligent solution for Startups in FinTech.,"IntelligentAssistant brings Intelligent Assistant to FinTech. Serving Startups, we ensure efficiency, affordability, and unmatched innovation through Edge Computing technology.",Startups,Service-based
CollaborativeCloud,Blockchain,A Collaborative Cloud connecting Gamers in Blockchain.,"CollaborativeCloud is a Collaborative Cloud designed specifically for Gamers. By leveraging Big Data, it transforms how Blockchain operates. Users enjoy an intuitive interface, powerful analytics, and scalable solutions.",Gamers,Donations
NextGenCore,Blockchain,A NextGen way to innovate Blockchain.,"NextGenCore is a NextGen Core designed specifically for Researchers. By leveraging Augmented Reality, it transforms how Blockchain operates. Users enjoy an intuitive interface, powerful analytics, and scalable solutions.",Researchers,Service-based
SecurePlatform,Blockchain,An Secure platform revolutionizing Blockchain.,"SecurePlatform brings Secure Platform to Blockchain. Serving Nonprofits, we ensure efficiency, affordability, and unmatched innovation through Augmented Reality technology.",Nonprofits,Pay-per-use
CollaborativePlatform,Mental Health,A Collaborative Platform connecting Fitness Enthusiasts in Mental Health.,"CollaborativePlatform is a Collaborative Platform designed specifically for Fitness Enthusiasts. By leveraging 5G Networks, it transforms how Mental Health operates. Users enjoy an intuitive interface, powerful analytics, and scalable solutions.",Fitness Enthusiasts,Freemium
AI-poweredExchange,AI & ML,A AI-powered Exchange for AI & ML needs.,"AI-poweredExchange is a AI-powered Exchange designed specifically for Remote Workers. By leveraging IoT Systems, it transforms how AI & ML operates. Users enjoy an intuitive interface, powerful analytics, and scalable solutions.",Remote Workers,Licensing
VirtualStudio,Remote Work Solutions,An Virtual platform revolutionizing Remote Work Solutions.,"VirtualStudio is a Virtual Studio designed specifically for Teachers. By leveraging 5G Networks, it transforms how Remote Work Solutions operates. Users enjoy an intuitive interface, powerful analytics, and scalable solutions.",Teachers,Advertisement-based
SmartCloud,Mental Health,An Smart platform revolutionizing Mental Health.,"SmartCloud brings Smart Cloud to Mental Health. Serving Healthcare Providers, we ensure efficiency, affordability, and unmatched innovation through Edge Computing technology.",Healthcare Providers,Freemium
VirtualGrid,AI & ML,A Virtual Grid for AI & ML needs.,"VirtualGrid brings Virtual Grid to AI & ML. Serving Pet Owners, we ensure efficiency, affordability, and unmatched innovation through IoT Systems technology.",Pet Owners,Commission-based
SmartExchange,FoodTech,A Smart Exchange connecting Teachers in FoodTech.,"SmartExchange revolutionizes FoodTech with Smart Exchange. Tailored for Teachers, it ensures seamless interaction, advanced security, and insightful data to drive decisions.",Teachers,Product Sales
PersonalizedAssistant,FinTech,A Personalized way to innovate FinTech.,"PersonalizedAssistant is a Personalized Assistant designed specifically for Artists. By leveraging IoT Systems, it transforms how FinTech operates. Users enjoy an intuitive interface, powerful analytics, and scalable solutions.",Artists,Licensing
SmartHub,EdTech,A Smart way to innovate EdTech.,"SmartHub is a Smart Hub designed specifically for Environmentalists. By leveraging Big Data, it transforms how EdTech operates. Users enjoy an intuitive interface, powerful analytics, and scalable solutions.",Environmentalists,Freemium
VirtualGrid,GreenTech,A Virtual Grid for GreenTech needs.,"VirtualGrid is a Virtual Grid designed specifically for Nonprofits. By leveraging AI and Machine Learning, it transforms how GreenTech operates. Users enjoy an intuitive interface, powerful analytics, and scalable solutions.",Nonprofits,Advertisement-based
InteractiveExchange,EdTech,A Interactive solution for Students in EdTech.,"InteractiveExchange brings Interactive Exchange to EdTech. Serving Students, we ensure efficiency, affordability, and unmatched innovation through AI and Machine Learning technology.",Students,Commission-based
AffordablePlatform,FoodTech,A Affordable solution for Parents in FoodTech.,"AffordablePlatform brings Affordable Platform to FoodTech. Serving Parents, we ensure efficiency, affordability, and unmatched innovation through Cloud Computing technology.",Parents,Advertisement-based
NextGenCore,Cybersecurity,A NextGen way to innovate Cybersecurity.,"At NextGenCore, we deliver NextGen Core that reshapes Cybersecurity experiences. Our Predictive Analytics-enabled platform empowers Nonprofits to achieve better outcomes, faster and smarter.",Nonprofits,Donations
AutomatedSystems,FinTech,A Automated Systems connecting Retailers in FinTech.,"AutomatedSystems revolutionizes FinTech with Automated Systems. Tailored for Retailers, it ensures seamless interaction, advanced security, and insightful data to drive decisions.",Retailers,Licensing
AffordableFramework,RetailTech,A Affordable solution for Teachers in RetailTech.,"At AffordableFramework, we deliver Affordable Framework that reshapes RetailTech experiences. Our Edge Computing-enabled platform empowers Teachers to achieve better outcomes, faster and smarter.",Teachers,Commission-based
Data-DrivenSystems,Wearable Tech,A Data-Driven solution for Retailers in Wearable Tech.,"At Data-DrivenSystems, we deliver Data-Driven Systems that reshapes Wearable Tech experiences. Our 5G Networks-enabled platform empowers Retailers to achieve better outcomes, faster and smarter.",Retailers,Marketplace Fee
InteractivePulse,Wearable Tech,An Interactive platform revolutionizing Wearable Tech.,"At InteractivePulse, we deliver Interactive Pulse that reshapes Wearable Tech experiences. Our IoT Systems-enabled platform empowers Researchers to achieve better outcomes, faster and smarter.",Researchers,Advertisement-based
SmartLabs,FoodTech,A Smart solution for Elderly in FoodTech.,"SmartLabs is a Smart Labs designed specifically for Elderly. By leveraging Cloud Computing, it transforms how FoodTech operates. Users enjoy an intuitive interface, powerful analytics, and scalable solutions.",Elderly,Pay-per-use
AffordableHub,Cybersecurity,An Affordable platform revolutionizing Cybersecurity.,"At AffordableHub, we deliver Affordable Hub that reshapes Cybersecurity experiences. Our Predictive Analytics-enabled platform empowers Nonprofits to achieve better outcomes, faster and smarter.",Nonprofits,Pay-per-use
DecentralizedSphere,TravelTech,A Decentralized solution for Researchers in TravelTech.,"DecentralizedSphere is a Decentralized Sphere designed specifically for Researchers. By leveraging 5G Networks, it transforms how TravelTech operates. Users enjoy an intuitive interface, powerful analytics, and scalable solutions.",Researchers,Subscription
NextGenCore,RetailTech,A NextGen Core for RetailTech needs.,"NextGenCore revolutionizes RetailTech with NextGen Core. Tailored for Students, it ensures seamless interaction, advanced security, and insightful data to drive decisions.",Students,Subscription
SmartSolutions,Mental Health,A Smart way to innovate Mental Health.,"SmartSolutions is a Smart Solutions designed specifically for Pet Owners. By leveraging Predictive Analytics, it transforms how Mental Health operates. Users enjoy an intuitive interface, powerful analytics, and scalable solutions.",Pet Owners,Marketplace Fee
AI-poweredCloud,TravelTech,An AI-powered platform revolutionizing TravelTech.,"AI-poweredCloud is a AI-powered Cloud designed specifically for Gamers. By leveraging Edge Computing, it transforms how TravelTech operates. Users enjoy an intuitive interface, powerful analytics, and scalable solutions.",Gamers,Marketplace Fee
SmartNest,Remote Work Solutions,A Smart way to innovate Remote Work Solutions.,"At SmartNest, we deliver Smart Nest that reshapes Remote Work Solutions experiences. Our Predictive Analytics-enabled platform empowers Startups to achieve better outcomes, faster and smarter.",Startups,Pay-per-use
CollaborativeExchange,E-commerce,An Collaborative platform revolutionizing E-commerce.,"At CollaborativeExchange, we deliver Collaborative Exchange that reshapes E-commerce experiences. Our Cybersecurity Innovations-enabled platform empowers Gamers to achieve better outcomes, faster and smarter.",Gamers,Marketplace Fee
VirtualCloud,E-commerce,An Virtual platform revolutionizing E-commerce.,"At VirtualCloud, we deliver Virtual Cloud that reshapes E-commerce experiences. Our IoT Systems-enabled platform empowers Students to achieve better outcomes, faster and smarter.",Students,Marketplace Fee
IntelligentPlatform,PetTech,A Intelligent solution for Pet Owners in PetTech.,"At IntelligentPlatform, we deliver Intelligent Platform that reshapes PetTech experiences. Our Predictive Analytics-enabled platform empowers Pet Owners to achieve better outcomes, faster and smarter.",Pet Owners,Advertisement-based
PersonalizedAnalytics,E-commerce,A Personalized way to innovate E-commerce.,"PersonalizedAnalytics revolutionizes E-commerce with Personalized Analytics. Tailored for Gamers, it ensures seamless interaction, advanced security, and insightful data to drive decisions.",Gamers,Subscription
Data-DrivenLabs,PetTech,An Data-Driven platform revolutionizing PetTech.,"Data-DrivenLabs revolutionizes PetTech with Data-Driven Labs. Tailored for Environmentalists, it ensures seamless interaction, advanced security, and insightful data to drive decisions.",Environmentalists,Freemium
On-DemandSolutions,PropTech,A On-Demand Solutions for PropTech needs.,"On-DemandSolutions revolutionizes PropTech with On-Demand Solutions. Tailored for Parents, it ensures seamless interaction, advanced security, and insightful data to drive decisions.",Parents,Freemium
PersonalizedWorks,TravelTech,An Personalized platform revolutionizing TravelTech.,"PersonalizedWorks revolutionizes TravelTech with Personalized Works. Tailored for Fitness Enthusiasts, it ensures seamless interaction, advanced security, and insightful data to drive decisions.",Fitness Enthusiasts,Advertisement-based
AutomatedSphere,AgriTech,A Automated Sphere connecting Retailers in AgriTech.,"At AutomatedSphere, we deliver Automated Sphere that reshapes AgriTech experiences. Our Big Data-enabled platform empowers Retailers to achieve better outcomes, faster and smarter.",Retailers,Freemium
IntelligentSystems,EdTech,An Intelligent platform revolutionizing EdTech.,"IntelligentSystems is a Intelligent Systems designed specifically for Startups. By leveraging IoT Systems, it transforms how EdTech operates. Users enjoy an intuitive interface, powerful analytics, and scalable solutions.",Startups,Subscription
NextGenExchange,E-commerce,An NextGen platform revolutionizing E-commerce.,"NextGenExchange is a NextGen Exchange designed specifically for Pet Owners. By leveraging Blockchain Technology, it transforms how E-commerce operates. Users enjoy an intuitive interface, powerful analytics, and scalable solutions.",Pet Owners,Advertisement-based
VirtualCloud,HealthTech,A Virtual way to innovate HealthTech.,"At VirtualCloud, we deliver Virtual Cloud that reshapes HealthTech experiences. Our 5G Networks-enabled platform empowers Travel Enthusiasts to achieve better outcomes, faster and smarter.",Travel Enthusiasts,Service-based
On-DemandPlatform,Remote Work Solutions,A On-Demand solution for Developers in Remote Work Solutions.,"At On-DemandPlatform, we deliver On-Demand Platform that reshapes Remote Work Solutions experiences. Our Blockchain Technology-enabled platform empowers Developers to achieve better outcomes, faster and smarter.",Developers,Marketplace Fee
SmartHub,Mental Health,A Smart Hub for Mental Health needs.,"SmartHub revolutionizes Mental Health with Smart Hub. Tailored for Researchers, it ensures seamless interaction, advanced security, and insightful data to drive decisions.",Researchers,Product Sales
SecureCore,TravelTech,A Secure solution for Gamers in TravelTech.,"At SecureCore, we deliver Secure Core that reshapes TravelTech experiences. Our Cybersecurity Innovations-enabled platform empowers Gamers to achieve better outcomes, faster and smarter.",Gamers,Advertisement-based
AffordableHub,E-commerce,A Affordable way to innovate E-commerce.,"AffordableHub brings Affordable Hub to E-commerce. Serving Artists, we ensure efficiency, affordability, and unmatched innovation through Cloud Computing technology.",Artists,Pay-per-use
VirtualNest,Remote Work Solutions,A Virtual solution for Investors in Remote Work Solutions.,"VirtualNest revolutionizes Remote Work Solutions with Virtual Nest. Tailored for Investors, it ensures seamless interaction, advanced security, and insightful data to drive decisions.",Investors,Freemium
AutomatedSolutions,Cybersecurity,A Automated way to innovate Cybersecurity.,"AutomatedSolutions revolutionizes Cybersecurity with Automated Solutions. Tailored for Small Businesses, it ensures seamless interaction, advanced security, and insightful data to drive decisions.",Small Businesses,Marketplace Fee
SustainableMarketplace,EdTech,A Sustainable Marketplace connecting Investors in EdTech.,"SustainableMarketplace is a Sustainable Marketplace designed specifically for Investors. By leveraging Cloud Computing, it transforms how EdTech operates. Users enjoy an intuitive interface, powerful analytics, and scalable solutions.",Investors,Subscription
IntelligentPulse,HealthTech,A Intelligent solution for Students in HealthTech.,"At IntelligentPulse, we deliver Intelligent Pulse that reshapes HealthTech experiences. Our AI and Machine Learning-enabled platform empowers Students to achieve better outcomes, faster and smarter.",Students,Freemium
CollaborativeLabs,Gaming,A Collaborative solution for Retailers in Gaming.,"At CollaborativeLabs, we deliver Collaborative Labs that reshapes Gaming experiences. Our 5G Networks-enabled platform empowers Retailers to achieve better outcomes, faster and smarter.",Retailers,Commission-based
CollaborativePulse,Cybersecurity,An Collaborative platform revolutionizing Cybersecurity.,"CollaborativePulse is a Collaborative Pulse designed specifically for Healthcare Providers. By leveraging Cybersecurity Innovations, it transforms how Cybersecurity operates. Users enjoy an intuitive interface, powerful analytics, and scalable solutions.",Healthcare Providers,Service-based
SecureLabs,TravelTech,A Secure way to innovate TravelTech.,"SecureLabs is a Secure Labs designed specifically for Retailers. By leveraging 5G Networks, it transforms how TravelTech operates. Users enjoy an intuitive interface, powerful analytics, and scalable solutions.",Retailers,Pay-per-use
AffordableSolutions,Cybersecurity,A Affordable Solutions for Cybersecurity needs.,"AffordableSolutions revolutionizes Cybersecurity with Affordable Solutions. Tailored for Startups, it ensures seamless interaction, advanced security, and insightful data to drive decisions.",Startups,Donations
AutomatedNest,GreenTech,A Automated solution for Researchers in GreenTech.,"AutomatedNest brings Automated Nest to GreenTech. Serving Researchers, we ensure efficiency, affordability, and unmatched innovation through Blockchain Technology technology.",Researchers,Marketplace Fee
SecureExchange,TravelTech,A Secure Exchange connecting Pet Owners in TravelTech.,"SecureExchange brings Secure Exchange to TravelTech. Serving Pet Owners, we ensure efficiency, affordability, and unmatched innovation through Blockchain Technology technology.",Pet Owners,Product Sales
SecureLabs,HealthTech,A Secure Labs for HealthTech needs.,"SecureLabs revolutionizes HealthTech with Secure Labs. Tailored for Healthcare Providers, it ensures seamless interaction, advanced security, and insightful data to drive decisions.",Healthcare Providers,Subscription
